{
 "PlatformInfo": {
  "Platform": {
   "Name": "Web",
   "BasePlatform": "Web",
   "Generator": "2024.1.0.8669"
  },
  "RootPaths": {
   "ProjectRoot": "../..",
   "SourceFilesRoot": "../../.cache",
   "SoundBanksRoot": ".",
   "ExternalSourcesInputFile": "",
   "ExternalSourcesOutputRoot": "."
  },
  "DefaultAlign": "16",
  "Settings": {
   "AutoSoundBankDefinition": "false",
   "CopyLooseStreamedMediaFiles": "true",
   "SubFoldersForGeneratedFiles": "false",
   "RemoveUnusedGeneratedFiles": "true",
   "SourceControlGeneratedFiles": "false",
   "GenerateHeaderFile": "true",
   "GenerateContentTxtFile": "true",
   "GenerateMetadataXML": "false",
   "GenerateMetadataJSON": "true",
   "GenerateAllBanksMetadata": "true",
   "GeneratePerBankMetadata": "false",
   "UseSoundBankNames": "true",
   "AllowExceedingMaxSize": "false",
   "MaxAttenuationInfo": "true",
   "EstimatedDurationInfo": "true",
   "PrintObjectGuid": "true",
   "PrintObjectPath": "true"
  },
  "FileHash": "{8F028673-9CB6-F71D-1C08-A064BE3709E6}"
 }
}