{
 "ProjectInfo": {
  "Project": {
   "Name": "Remi",
   "GUID": "{23149AC0-B1AA-40D1-833B-D5987EF317B5}",
   "Generator": "2024.1.0.8669"
  },
  "CacheRoot": "../../../../Audio/.cache",
  "Platforms": [
   {
    "Name": "Mac",
    "GUID": "{E7957E26-A198-4EB2-85ED-27A71A4E6BAD}",
    "BasePlatform": "Mac",
    "BasePlatformGUID": "{9C6217D5-DD11-4795-87C1-6CE02853C540}",
    "Path": "../../../../Audio/GeneratedSoundBanks/Mac"
   },
   {
    "Name": "Web",
    "GUID": "{CC68D46D-E322-4400-929B-A11CEB42E669}",
    "BasePlatform": "Web",
    "BasePlatformGUID": "{639AD233-23F2-4C0F-9127-79F44C15E1DA}",
    "Path": "../../../../Audio/GeneratedSoundBanks/Web"
   },
   {
    "Name": "Windows",
    "GUID": "{DB7C5EA5-B934-4895-9AAA-B24926F20BDB}",
    "BasePlatform": "Windows",
    "BasePlatformGUID": "{6E0CB257-C6C8-4C5C-8366-2740DFC441EB}",
    "Path": "../../../../Audio/GeneratedSoundBanks/Windows"
   }
  ],
  "Languages": [
   {
    "Name": "English(US)",
    "Id": "684519430",
    "GUID": "{36F1D103-CDD1-48B6-A52D-9CD7006F3C6D}",
    "Default": "true",
    "UseAsStandIn": "true"
   }
  ],
  "FileHash": "{E615A368-4880-FF19-3AA4-16A6CCD7154A}"
 }
}